"","run.order","std.order","x1","x2","x3"
"1",1,1,-1,-1,-1
"2",2,5,0,0,-1.78885438199983
"3",3,3,0,-1.78885438199983,0
"4",4,1,-1.78885438199983,0,0
"5",5,10,0,0,0
"6",6,2,1.78885438199983,0,0
"7",7,9,0,0,0
"8",8,3,-1,1,-1
"9",9,6,1,-1,1
"10",10,6,0,0,1.78885438199983
"11",11,4,0,1.78885438199983,0
"12",12,2,1,-1,-1
"13",13,8,1,1,1
"14",14,7,-1,1,1
"15",15,5,-1,-1,1
"16",16,8,0,0,0
"17",17,4,1,1,-1
"18",18,7,0,0,0
