"","run.order","std.order","x1","x2","x3"
"1",1,5,-1,-1,1
"2",2,5,0,0,-1.78885438199983
"3",3,2,1,-1,-1
"4",4,1,-1.78885438199983,0,0
"5",5,2,1.78885438199983,0,0
"6",6,1,-1,-1,-1
"7",7,7,-1,1,1
"8",8,6,0,0,1.78885438199983
"9",9,3,0,-1.78885438199983,0
"10",10,4,0,1.78885438199983,0
"11",11,7,0,0,0
"12",12,8,1,1,1
"13",13,3,-1,1,-1
"14",14,8,0,0,0
"15",15,6,1,-1,1
"16",16,9,0,0,0
"17",17,10,0,0,0
"18",18,4,1,1,-1
