"","run.order","std.order","x1","x2","x3"
"1",1,5,-1,-1,1
"2",2,3,-1,1,-1
"3",3,2,1.78885438199983,0,0
"4",4,8,0,0,0
"5",5,3,0,-1.78885438199983,0
"6",6,7,0,0,0
"7",7,7,-1,1,1
"8",8,8,1,1,1
"9",9,1,-1.78885438199983,0,0
"10",10,6,1,-1,1
"11",11,9,0,0,0
"12",12,4,1,1,-1
"13",13,4,0,1.78885438199983,0
"14",14,10,0,0,0
"15",15,1,-1,-1,-1
"16",16,6,0,0,1.78885438199983
"17",17,5,0,0,-1.78885438199983
"18",18,2,1,-1,-1
