"","run.order","std.order","x1","x2","x3"
"1",1,2,1.78885438199983,0,0
"2",2,5,0,0,-1.78885438199983
"3",3,6,1,-1,1
"4",4,3,-1,1,-1
"5",5,7,-1,1,1
"6",6,6,0,0,1.78885438199983
"7",7,4,1,1,-1
"8",8,1,-1.78885438199983,0,0
"9",9,5,-1,-1,1
"10",10,1,-1,-1,-1
"11",11,9,0,0,0
"12",12,10,0,0,0
"13",13,2,1,-1,-1
"14",14,8,1,1,1
"15",15,4,0,1.78885438199983,0
"16",16,8,0,0,0
"17",17,3,0,-1.78885438199983,0
"18",18,7,0,0,0
