MG_Glut,K_Glut,DTT,Experiments,Tubes
4.0,173.33333333333331,0.9333333333333332,10,['A1']
4.0,173.33333333333331,1.5999999999999999,10,['A2']
8.666666666666666,140.0,1.2666666666666666,10,['A3']
13.333333333333332,106.66666666666666,0.9333333333333332,10,['A4']
4.0,106.66666666666666,0.9333333333333332,10,['A5']
8.666666666666666,140.0,0.5599999999999999,10,['A6']
4.0,106.66666666666666,1.5999999999999999,10,['A7']
