MG_Glut,K_Glut,DTT,Experiments,Tubes
13.333333333333332,106.66666666666666,1.5999999999999999,10,['A1']
4.0,106.66666666666666,0.9333333333333332,10,['A2']
8.666666666666666,140.0,1.2666666666666666,30,"['A3', 'A4', 'A5']"
4.0,173.33333333333331,0.9333333333333332,10,['A6']
13.333333333333332,173.33333333333331,0.9333333333333332,10,['A7']
