MG_Glut,K_Glut,DTT,Experiments,Tubes
18.506666666666668,140.0,1.2666666666666666,10,['A1']
8.666666666666666,140.0,1.9733333333333332,10,['A2']
4.0,173.33333333333331,0.9333333333333332,10,['A3']
8.666666666666666,140.0,0.5599999999999999,10,['A4']
8.666666666666666,69.73333333333332,1.2666666666666666,10,['A5']
4.0,140.0,1.2666666666666666,10,['A6']
8.666666666666666,140.0,1.2666666666666666,10,['A7']
