MG_Glut,K_Glut,DTT,PEG-8000,Experiments,Tubes
10.666666666666666,140.0,1.2666666666666666,4.0,10,['A1']
