MG_Glut,K_Glut,DTT,Experiments,Tubes
8.666666666666666,140.0,1.2666666666666666,20,"['A1', 'A2']"
12.0,173.33333333333331,1.5999999999999999,5,['A3']
8.666666666666666,106.66666666666666,1.2666666666666666,5,['A4']
5.333333333333333,173.33333333333331,1.5999999999999999,5,['A5']
5.333333333333333,106.66666666666666,0.9333333333333332,5,['A6']
12.0,106.66666666666666,1.5999999999999999,5,['A7']
