MG_Glut,K_Glut,DTT,Experiments,Tubes
10.666666666666666,140.0,1.2666666666666666,10,['A1']
