"","run.order","std.order","x1","x2","x3"
"1",1,9,0,0,0
"2",2,2,1.78885438199983,0,0
"3",3,2,1,-1,-1
"4",4,4,0,1.78885438199983,0
"5",5,8,1,1,1
"6",6,1,-1.78885438199983,0,0
"7",7,1,-1,-1,-1
"8",8,3,0,-1.78885438199983,0
"9",9,8,0,0,0
"10",10,6,1,-1,1
"11",11,3,-1,1,-1
"12",12,7,0,0,0
"13",13,10,0,0,0
"14",14,4,1,1,-1
"15",15,7,-1,1,1
"16",16,6,0,0,1.78885438199983
"17",17,5,0,0,-1.78885438199983
"18",18,5,-1,-1,1
