MG_Glut,K_Glut,DTT,Experiments,Tubes
5.333333333333333,106.66666666666666,0.9333333333333332,5,['A1']
8.666666666666666,140.0,0.6666666666666666,5,['A2']
8.666666666666666,80.37333333333333,1.2666666666666666,5,['A3']
2.706666666666666,140.0,1.2666666666666666,5,['A4']
8.666666666666666,140.0,1.2666666666666666,10,['A5']
14.626666666666667,140.0,1.2666666666666666,5,['A6']
5.333333333333333,173.33333333333331,0.9333333333333332,5,['A7']
12.0,106.66666666666666,1.5999999999999999,5,['A8']
