MG_Glut,K_Glut,DTT,Experiments,Tubes
5.333333333333333,106.66666666666666,0.9333333333333332,5,['A1']
12.0,106.66666666666666,0.9333333333333332,5,['A2']
5.333333333333333,173.33333333333331,0.9333333333333332,5,['A3']
12.0,173.33333333333331,0.9333333333333332,5,['A4']
5.333333333333333,106.66666666666666,1.5999999999999999,5,['A5']
12.0,106.66666666666666,1.5999999999999999,5,['A6']
5.333333333333333,173.33333333333331,1.5999999999999999,5,['A7']
12.0,173.33333333333331,1.5999999999999999,5,['A8']
8.666666666666666,140.0,1.2666666666666666,5,['A9']
