MG_Glut,K_Glut,DTT,Experiments,Tubes
8.666666666666666,140.0,1.2666666666666666,15,"['A1', 'A2']"
2.706666666666666,140.0,1.2666666666666666,5,['A3']
14.626666666666667,140.0,1.2666666666666666,5,['A4']
8.666666666666666,80.37333333333333,1.2666666666666666,5,['A5']
8.666666666666666,199.62666666666667,1.2666666666666666,5,['A6']
8.666666666666666,140.0,0.6666666666666666,5,['A7']
8.666666666666666,140.0,1.8666666666666665,5,['A8']
